company_name,company_number,status,date_of_creation,postcode,sic_codes,company_type
CC&PM LIMITED,16207763,active,2025-01-24,RM6 5LS,"81210, 81299",ltd
DEYAAR LTD,16207997,active,2025-01-25,RM7 8JB,56102,ltd
BRUNOFAB VENTURES LIMITED,16205577,active,2025-01-24,RM6 6AX,47910,ltd
MEDI FLAME LTD,16206892,active,2025-01-24,RM6 6UT,38210,ltd
WISDON CONSULTANCY LTD,16208218,active,2025-01-25,RM6 4FA,62020,ltd
XULA LTD,16210905,active,2025-01-27,RM6 6AX,47910,ltd
GLAM & BARGAIN LTD,16206781,active,2025-01-24,RM7 0YW,47910,ltd
OLD MONEY ACADEMY LTD,16206339,active,2025-01-24,RM6 6AX,85590,ltd
PIZZA FUSION LTD,16207371,active,2025-01-24,RM1 1PS,"46160, 56103",ltd
DOM & CO GROUP LIMITED,16211175,active,2025-01-27,RM6 5QJ,64209,ltd
LAYYZA LOGISTICS LTD,16208143,active,2025-01-25,RM5 3JB,53202,ltd
HTS ENTERPRISES LONDON LTD,16208702,active,2025-01-26,RM6 5AS,45112,ltd
ZARSI TRAINING LTD,16212114,active,2025-01-27,RM6 4BT,85530,ltd
CARGO PRO LOGISTICS LTD,16214652,active,2025-01-28,RM5 3QA,49410,ltd
RR ROCKS LIMITED,16214840,active,2025-01-28,RM7 0SR,23700,ltd
LI JORDAN ROSE LTD,16214919,active,2025-01-28,RM5 2EJ,61100,ltd
FORYST LIMITED,16208697,active,2025-01-26,RM6 6AX,63990,ltd
BEAUTYLESS LTD,16220473,active,2025-01-31,RM1 2BX,47190,ltd
MECHANICAL ENE LTD,16215453,active,2025-01-29,RM6 5RT,42990,ltd
STUDY PLAN ASSOCIATES LTD,16215795,active,2025-01-29,RM7 0BD,85600,ltd
ROMFORD GRILL HOUSE LIMITED,16218855,active,2025-01-30,RM5 2DH,56102,ltd
IFRIM DRYLINING LTD,16220897,active,2025-01-31,RM3 8LH,41201,ltd
MACI PROPERTY SERVICES LTD,16221855,active,2025-01-31,RM6 6YB,41202,ltd
PREMIER AUTO GROUP LTD,16224521,active,2025-02-03,RM7 0GW,"45200, 77110, 96090",ltd
A & N GLOBAL LIMITED,16226141,active,2025-02-03,RM7 9EU,47910,ltd
GETGUT LIMITED,16222488,active,2025-01-31,RM6 4FP,"10320, 46341, 47890, 47910",ltd
INDIGO SOLUTIONS GROUP LIMITED,16224629,active,2025-02-03,RM7 9EU,78109,ltd
SOLA TECH LTD,16225901,active,2025-02-03,RM2 6BU,43210,ltd
CRS FASHION LIMITED,16240281,active,2025-02-10,RM6 6NJ,"32120, 47820",ltd
S P ARCHITECTURE (SPA) LTD,16228543,active,2025-02-04,RM2 5AA,71111,ltd
ALL SEASONS CLOTHING LTD,16229927,active,2025-02-04,RM3 0YS,47910,ltd
RAIN HOMES LTD,16228510,active,2025-02-04,RM3 7GN,"68100, 68201, 68209, 68320",ltd
BEST DOMESTIC APPLIANCES LTD,16229959,active,2025-02-05,RM6 4SL,95220,ltd
TRIVENI DWELLINGS LIMITED,16228968,active,2025-02-04,RM2 5LP,"68100, 68209",ltd
RIHA VENTURES LIMITED,16230273,active,2025-02-05,RM2 5QH,"68100, 68209, 68320",ltd
THE JABRI LTD,16230590,active,2025-02-05,RM6 6XH,47990,ltd
WICM LTD,16231682,active,2025-02-05,RM3 0JF,70229,ltd
CHIZMOSO PROPERTIES LTD,16232148,active,2025-02-05,RM3 8RR,68100,ltd
ELITE PLUMBING10 LTD,16242772,active,2025-02-10,RM2 5UD,43999,ltd
WASTEREMOVAL GUYS LTD,16242976,active,2025-02-11,RM1 4JB,"38110, 38210, 39000, 49420",ltd
PM EDPSYCH LTD,16243029,active,2025-02-11,RM1 1DF,70229,ltd
C&W PROJECTS LIMITED,16243379,active,2025-02-11,RM3 8EN,"43290, 43999",ltd
ABLE EMERGENCY 24/7 LIMITED,16230597,active,2025-02-05,RM1 3JT,43220,ltd
ISMAIL CAF LTD,16243526,active,2025-02-11,RM3 8RH,56102,ltd
SIMON CANTLON SERVICES LIMITED,16243676,active,2025-02-11,RM3 8PW,62020,ltd
IC SMILES LTD,16243967,active,2025-02-11,RM7 0EP,86230,ltd
NOVACORP DIGITAL LIMITED,16244089,active,2025-02-11,RM6 6AX,47990,ltd
NOVADIO LTD,16244262,active,2025-02-11,RM5 3UH,96090,ltd
KAREERA LTD,16175887,active,2025-01-10,RM1 3JT,78109,ltd
THE MUSCLE MINDSET LIMITED,16177408,active,2025-01-11,RM7 0RU,46499,ltd
SYR BARBERS LIMITED,16174360,active,2025-01-09,RM7 0JU,96020,ltd
J J KITCHEN LTD,16174377,active,2025-01-09,RM1 3FB,56103,ltd
FOR CREATORS BY CREATORS LTD,16175935,active,2025-01-10,RM3 0AQ,78300,ltd
KEY2ESTATE PROPERTIES LTD,16176258,active,2025-01-10,RM1 3PJ,"68100, 68310, 68320",ltd
A GOODACRE LTD,16175852,active,2025-01-10,RM3 0LU,69201,ltd
CONSTRUCTION HOUSE LTD,16175999,active,2025-01-10,RM5 3AL,41202,ltd
VP CONSTRUCTION GROUP LTD,16165204,active,2025-01-06,RM1 2QZ,"43310, 43341, 43390",ltd
HS FOOD SERVICE (UK) LIMITED,16168600,active,2025-01-07,RM6 6SS,47290,ltd
CLEIMAN RECORDS LTD,16172009,active,2025-01-08,RM1 4SS,59200,ltd
STAR TRUCK LTD,16172373,active,2025-01-09,RM6 6SR,"49320, 49390, 49410, 78109",ltd
S&W HAIR SALON LTD,16172435,active,2025-01-09,RM3 7QT,96020,ltd
PAKWHEELSLONDON LIMITED,16172566,active,2025-01-09,RM5 2DP,45112,ltd
RICHIE SCHEME CIC,16165502,active,2025-01-06,RM6 6PP,"85590, 96090",private-limited-guarant-nsc
NEXT CHAPTER CONSTRUCTION LTD,16165977,active,2025-01-06,RM7 9LT,41202,ltd
TPL-LANDSCAPES LTD,16167779,active,2025-01-07,RM5 2HL,71112,ltd
SCANDIWAVE DIGITAL LIMITED,16172865,active,2025-01-09,RM6 6AX,"62020, 70229",ltd
ECOMIX SOLUTIONS LTD,16164998,active,2025-01-06,RM6 6AX,58190,ltd
THE DREAM MAKERS EVENTS LTD,16167643,active,2025-01-07,RM7 9LT,"56210, 90030, 93290",ltd
VICTORIANODCDEX4 LIMITED,16169717,active,2025-01-08,RM6 6AX,"62012, 62020, 62090",ltd
LYN BEAUTY LTD,16178222,active,2025-01-13,RM1 1SY,96020,ltd
ALUCORP LTD,16181336,active,2025-01-13,RM6 6AX,46720,ltd
FLOWSTATETECH WHOLESALE LTD,16180395,active,2025-01-13,RM1 1BY,46900,ltd
GLOBAL HOME INVEST LTD,16180733,active,2025-01-13,RM7 0EU,"68100, 68209",ltd
ZOA ESTATES LTD,16178538,active,2025-01-13,RM1 3NG,"68100, 68209, 68310, 68320",ltd
HAC PLUMBING&HEATING LTD,16180698,active,2025-01-13,RM5 3DB,"43220, 46740",ltd
AGVF PROPERTIES LIMITED,16181308,active,2025-01-13,RM3 8AA,68209,ltd
VENTURA LEARNINGS LTD,16181835,active,2025-01-14,RM1 4LJ,85320,ltd
MIHAELA EDUCATION SERVICES LIMITED,16181927,active,2025-01-14,RM1 2LX,85600,ltd
TRIMHOUSE LIMITED,16182052,active,2025-01-14,RM6 5EH,"46160, 46190, 46410",ltd
ESSEX CLEANCO LTD,16182694,active,2025-01-14,RM3 7NX,"81210, 81299",ltd
NEWERA CODE GENESIS LIMITED,16181886,active,2025-01-14,RM6 6AX,"62012, 62090, 63110",ltd
PROPERFIX LONDON LTD,16181944,active,2025-01-14,RM2 6PR,43341,ltd
YPRYSTAVKA LTD,16182623,active,2025-01-14,RM2 5XA,43999,ltd
AHMED KRD LTD,16182681,active,2025-01-14,RM6 6AX,47910,ltd
ANDREI'S FINISHES LTD,16183507,active,2025-01-14,RM1 1DA,43999,ltd
LIMITLESS PROPERTY MANAGEMENT LTD,16183782,active,2025-01-14,RM7 9QA,98000,ltd
VANITY TRANSPORT LTD,16171195,active,2025-01-08,RM2 6DB,52103,ltd
IBRAHIMLLARI LTD,16171860,active,2025-01-08,RM2 5LJ,"41201, 41202, 68100, 68209",ltd
MARWAN KRD LTD,16170326,active,2025-01-08,RM6 6AX,47910,ltd
KARIM PROPERTY SOLUTIONS LTD,16160870,active,2025-01-03,RM1 4PB,"43210, 43220",ltd
JAMALI MED LTD,16163454,active,2025-01-05,RM7 0FG,86210,ltd
OMER KRD LTD,16163993,active,2025-01-06,RM6 6AX,47910,ltd
EL SAEED LIMITED,16163282,active,2025-01-04,RM3 0HJ,56210,ltd
INFOSKILLS LTD,16159812,active,2025-01-02,RM3 0WU,62090,ltd
ELHACO ASSET MANAGEMENT LTD,16164246,active,2025-01-06,RM1 3GL,68320,ltd
ARON BUILDING SERVICES LTD,16163728,active,2025-01-05,RM7 7JD,"41202, 43390",ltd
FH CONSULTANCY LTD,16160852,active,2025-01-03,RM7 0LU,"45112, 62020, 68310, 70229",ltd
WORLD TRANS TRAVEL LTD,16162617,active,2025-01-03,RM6 6HH,"49410, 52290",ltd
EV CLEANERS LTD,16164185,active,2025-01-06,RM6 4FW,81299,ltd
THE SUNSETS VIEW LIMITED,16163035,active,2025-01-03,RM3 9NH,"55209, 98000",ltd
DILSHADMM LTD,16164478,active,2025-01-06,RM6 6AX,47910,ltd
AWARD INTERIORS CONSTRUCTION LIMITED,16254309,active,2025-02-15,RM1 4NL,43290,ltd
VIZ CONSTRUCTION LTD,16254316,active,2025-02-15,RM3 8AW,41202,ltd
O & E PROPERTY SERVICES LTD,16251629,active,2025-02-13,RM7 9QD,68100,ltd
TNK REAL ESTATES LTD,16254723,active,2025-02-16,RM5 2EA,"68209, 68310, 68320",ltd
OPULORIA LTD,16256544,active,2025-02-17,RM6 6AX,46480,ltd
OPTILISTICS LIMITED,16259805,active,2025-02-18,RM6 6BL,"62020, 62090",ltd
CLIFFORD'S CONSULTANTS LTD,16244743,active,2025-02-11,RM3 8RY,70229,ltd
RENOVATE BUILDINGS LTD,16244688,active,2025-02-11,RM6 4BF,"43290, 43999, 78200",ltd
SPIDER ROOFING SOLUTIONS LIMITED,16245226,active,2025-02-11,RM6 4QH,"41201, 41202, 43910",ltd
UK ALPHA LABS LTD,16244974,active,2025-02-11,RM3 9YB,"46190, 47910, 86900",ltd
LIBERATE YOUR YEARNING LTD,16246587,active,2025-02-12,RM3 0JF,74909,ltd
TACHO UK LTD,16247455,active,2025-02-12,RM7 9HR,85320,ltd
WING HING BENTO LTD,16249778,active,2025-02-13,RM2 5HA,56103,ltd
DYRAE BBT LTD,16246359,active,2025-02-12,RM6 6AX,47910,ltd
CROULE ECOM LTD,16249050,active,2025-02-12,RM6 6AX,47910,ltd
PASHA FOREX LIMITED,16248735,active,2025-02-12,RM7 9ES,"64205, 66110, 66120",ltd
BAKB LTD,16303836,active,2025-03-10,RM1 3FD,"41201, 41202",ltd
MADINAH PROPERTY & MANAGEMENT LTD,16305344,active,2025-03-10,RM7 0JL,68100,ltd
THE HOUSE ALWAYS WINS (HOLDINGS) LTD,16309571,active,2025-03-12,RM1 3JT,64209,ltd
SALESSAVY LTD,16310984,active,2025-03-12,RM3 7EH,47910,ltd
ILAN SPECIALIST LTD,16311375,active,2025-03-12,RM5 2LB,"41201, 41202, 43290",ltd
DARI LANDSCAPE AND BUILD LTD,16305315,active,2025-03-10,RM6 5TH,"41100, 41202, 43290, 43390",ltd
JUSTRADE LIMITED,16305620,active,2025-03-10,RM3 9HT,47910,ltd
DC&H YOUNG ASSOCIATES LIMITED,16308334,active,2025-03-11,RM3 0XP,69202,ltd
SDJ BUILDING SUPPLIES LTD,16315266,active,2025-03-13,RM5 2NT,46130,ltd
GLOBAL E-SHOP SOLUTIONS LTD,16315425,active,2025-03-14,RM6 4QB,47910,ltd
FIRST PLACE NATIONWIDE TRAINING LTD,16315374,active,2025-03-13,RM3 9UE,85590,ltd
QUANTUM NOVA CONSULTING LIMITED,16318875,active,2025-03-16,RM1 2NX,70229,ltd
KAICEL DYNASTY LTD,16258115,active,2025-02-17,RM3 7EJ,96020,ltd
ALPHABYTE TECHNOLOGY LTD,16257995,active,2025-02-17,RM3 0JW,62020,ltd
LM QUAY MANAGEMENT LTD,16275141,active,2025-02-25,RM2 5LT,68209,ltd
BENTON HOLDINGS LTD,16276070,active,2025-02-25,RM4 1PX,96090,ltd
ATLANTIC CHAMBERS LTD,16271199,active,2025-02-24,RM2 5JS,68209,ltd
TOPBRASS INNOVATIVE LTD,16274884,active,2025-02-25,RM1 3FB,46190,ltd
D2N PROPERTY LTD,16270145,active,2025-02-23,RM2 6JD,68100,ltd
BANG ON PERIOD LTD,16273018,active,2025-02-24,RM6 6AX,47910,ltd
HAZEL EXPORT LIMITED,16258441,active,2025-02-18,RM4 1QJ,"46310, 47110, 47910, 74909",ltd
YERRA PVT LIMITED,16203877,active,2025-01-23,RM1 3NH,46420,ltd
ADHAM007 LTD,16256956,active,2025-02-17,RM6 6AX,47910,ltd
CRESCENT CREATIVE LTD,16273573,active,2025-02-25,RM1 3JT,73120,ltd
PRESTIGE CHAUFFEUR TRANSFERS LTD,16276703,active,2025-02-25,RM2 5BN,49320,ltd
BAWARCHI WORLD LIMITED,16270774,active,2025-02-24,RM6 6TD,"56102, 56210",ltd
H&R LEGAL SERVICES LTD,16271292,active,2025-02-24,RM5 3EH,69109,ltd
VIZON STUDIO LTD,16268194,active,2025-02-21,RM1 1DL,"62012, 62020, 73110, 74100",ltd
FULL RECOVERY SERVICES LTD,16268499,active,2025-02-21,RM3 9SA,38320,ltd
REVIVAL STUDIOS WELLNESS LTD,16270064,active,2025-02-23,RM3 7RS,96040,ltd
GIBI TRADERS LTD,16270273,active,2025-02-23,RM3 7JT,47910,ltd
QQ TRADE SOLUTIONS LTD,16264011,active,2025-02-19,RM6 4EB,"46900, 47910",ltd
SAKTHI IT SOLUTIONS LTD,16265371,active,2025-02-20,RM6 4DE,62020,ltd
G&I MOTORS LTD,16266554,active,2025-02-20,RM3 8SF,45200,ltd
THE CASCA GRAHAM PHOENIX PROJECT LTD,16263108,active,2025-02-19,RM4 1RP,85590,ltd
TEHILLAH SERVICES LTD,16266484,active,2025-02-20,RM3 7NT,"81210, 81299, 84120, 87200",ltd
SANVI INFOTECH LIMITED,16265673,active,2025-02-20,RM6 4YL,"62020, 62090",ltd
GAMZE HOME TRADING LIMITED,16265589,active,2025-02-20,RM6 6AX,"46900, 47910",ltd
NT MANAGEMENT LTD,16267080,active,2025-02-21,RM1 3JT,41201,ltd
CERESKOZMETIK LIMITED,16264867,active,2025-02-20,RM3 8EN,47910,ltd
EARLY ABA ACADEMY LTD,16267615,active,2025-02-21,RM3 7EW,"85590, 86900",ltd
GLOBAL GROWTH PARTNERS (GLOBAL) LIMITED,16279134,active,2025-02-26,RM6 4DE,70229,ltd
ALLIANZ INSPECTIONS LIMITED,16277336,active,2025-02-26,RM6 6AX,43910,ltd
TDA PROMOTIONS LTD,16282546,active,2025-02-28,RM6 4DE,70229,ltd
LITTLEANGELS CARE SERVICES LTD LTD,16283894,active,2025-02-28,RM7 8BX,87300,ltd
FARSANWALA LTD,16303159,active,2025-03-10,RM6 4ED,47290,ltd
MAISIE'S COSMETICS LTD,16304273,active,2025-03-10,RM1 1RX,46450,ltd
SAPP SYSTEMS UK LTD,16305147,active,2025-03-10,RM6 6AX,70229,ltd
PARTICIPANT LINE COMPANY LTD,16307313,active,2025-03-11,RM3 8YR,43290,ltd
V&V CLADDING LTD,16312174,active,2025-03-12,RM3 9EJ,43290,ltd
BEAUTY BOSS METHOD LTD,16312539,active,2025-03-12,RM3 9FJ,70229,ltd
TILAW ROMFORD LTD,16322306,active,2025-03-17,RM2 5AA,56101,ltd
ABAX CONSULTANTS LIMITED,16271538,active,2025-02-24,RM7 9EU,69202,ltd
PROCONSTRUCTION GROUP LTD,16324388,active,2025-03-18,RM7 9ED,"41201, 41202, 43390, 43999",ltd
ZN ASSOCIATES LIMITED,16320962,active,2025-03-17,RM6 4AQ,62020,ltd
COMFORT LOUNGE LTD,16322566,active,2025-03-17,RM6 5JR,"31090, 46150, 47599",ltd
XYLO HOUSEWARES LTD,16322884,active,2025-03-18,RM7 9DT,46150,ltd
5STAR MOBILES & COMPUTERS LTD,16322940,active,2025-03-18,RM6 4AL,"47110, 47421, 64205, 95110",ltd
NATURALLY WOODEN FLOORS LTD,16326893,active,2025-03-19,RM6 4DB,43330,ltd
O2 MERSINI LTD,16341377,active,2025-03-25,RM3 7UB,"49410, 82990",ltd
LAIFEZ SOLUTIONS LIMITED,16342276,active,2025-03-25,RM2 5TD,82990,ltd
IZM CONSULTING LTD,16342738,active,2025-03-25,RM7 0PR,62020,ltd
DECOTA GIFTS LTD,16342864,active,2025-03-25,RM3 9NX,47910,ltd
THE KAIROS SPACE CIC,16339755,active,2025-03-25,RM1 3QT,88990,private-limited-guarant-nsc
SOLSTICE GAMING LIMITED,16328077,active,2025-03-19,RM5 3JS,46190,ltd
E10 EVENTS AND MARKETING LTD,16328174,active,2025-03-19,RM3 0TD,70229,ltd
ABD GARDI LTD,16330663,active,2025-03-20,RM6 6AX,47910,ltd
DULCE DREAMS LTD,16333322,active,2025-03-21,RM3 7PB,56290,ltd
HYBRID MANAGEMENT SOLUTIONS LTD,16329001,active,2025-03-19,RM7 7DN,64209,ltd
ROCKET CLEANING SERVICES LTD,16331601,active,2025-03-20,RM7 7DN,81210,ltd
PINGU LETTING LTD,16332726,active,2025-03-21,RM6 5LU,"68100, 68209, 68320",ltd
KAPS PROPERTY LTD,16327711,active,2025-03-19,RM6 6AX,"62020, 68100, 86102",ltd
GOLDEN&SUN LTD,16332654,active,2025-03-21,RM6 6AX,47910,ltd
MADE BY YOU LTD,16338336,active,2025-03-24,RM2 6JA,47910,ltd
HELIOS RECRUITMENT LIMITED,16311333,active,2025-03-12,RM6 6AX,82990,ltd
CRESTVIEW SERVICES LIMITED,16334382,active,2025-03-21,RM6 4UB,74300,ltd
WOODS&CURTIS LTD,16338138,active,2025-03-24,RM5 2LG,52290,ltd
GJ CAR PARTS LIMITED,16345924,active,2025-03-26,RM6 6AX,45320,ltd
24 LEGAL SERVICES LTD,16347320,active,2025-03-27,RM6 6AX,58190,ltd
ALBION INSULATION SERVICES LTD,16242821,active,2025-02-10,RM6 6AX,43290,ltd
HELA PROPERTIES LTD,16350477,active,2025-03-28,RM1 4NL,68209,ltd
ESSEX DESIGNER BRANDS LIMITED,16347931,active,2025-03-27,RM1 2RU,47820,ltd
DATA MARKET ONLINE LTD,16351120,active,2025-03-28,RM1 3JT,"47990, 62020, 62090",ltd
EVEREASE ONLINE LTD,16349428,active,2025-03-28,RM5 2QA,47910,ltd
TWENTYONE DIGITAL LTD,16343738,active,2025-03-26,RM6 6DB,62090,ltd
CLEARREND LTD,16270616,active,2025-02-24,RM5 2SP,43310,ltd
BUILDING NATION LTD,16344089,active,2025-03-26,RM6 6BL,"41201, 41202",ltd
GREENSTONE INNOVATIONS LTD,16343567,active,2025-03-26,RM1 1JL,74100,ltd
AR PROFESSIONS LIMITED,16346338,active,2025-03-26,RM6 6NB,52243,ltd
ARTS ASTRON LTD,16348385,active,2025-03-27,RM6 4AW,62020,ltd
VENDINGUK LTD,16351676,active,2025-03-28,RM1 2RD,56290,ltd
INFINITY GLOBAL SPORTS MANAGEMENT LTD,16355991,active,2025-04-01,RM5 3HL,"93120, 93199",ltd
N G TILING LTD,16352957,active,2025-03-31,RM1 4SR,43999,ltd
DRIPDROPHQ LIMITED,16351725,active,2025-03-28,RM7 9DA,47710,ltd
DILEK WEAREWE LIMITED,16352368,active,2025-03-30,RM6 6AX,"46900, 47910",ltd
PURPLE TRAVELS AND TOURS LIMITED,16355511,active,2025-03-31,RM2 5SP,"79110, 79120, 79909, 85600",ltd
CNB SOLUTIONS LTD,16355504,active,2025-03-31,RM5 3NQ,33140,ltd
ITCARE CENTER UK LTD,16352875,active,2025-03-31,RM1 3LD,"47410, 47421, 95110, 95210",ltd
EXIMART LTD,16354576,active,2025-03-31,RM6 6AX,47990,ltd
SELITE SOLUTIONS LTD,16355704,active,2025-04-01,RM6 6LA,"41202, 43220",ltd
REMOTLYS LONDON LTD,16358440,active,2025-04-01,RM6 6JL,"64209, 68209",ltd
PAPC LTD,16359377,active,2025-04-02,RM7 0ES,45200,ltd
KHANZADA BUTCHERS LIMITED,16226252,active,2025-02-03,RM3 8TD,47220,ltd
CARIBBEAN TREATZ 758 LIMITED,16360360,active,2025-04-02,RM2 5QU,47110,ltd
68A BYRON ROAD LTD,16359872,active,2025-04-02,RM7 0HL,68209,ltd
SAPNELIS UK LTD,16361490,active,2025-04-02,RM5 3TP,47990,ltd
GURUKHANA LTD,16362401,active,2025-04-02,RM7 9DQ,56103,ltd
AIRTALK BUSINESS LIMITED,16362464,active,2025-04-02,RM6 6XJ,"47429, 61900",ltd
AKTIVE CHILD LIMITED,16361709,active,2025-04-02,RM3 0HU,87900,ltd
DELLTA CONSTRUCTION LTD,16363921,active,2025-04-03,RM5 2QA,"41201, 41202",ltd
EVOLE CLINIC LTD,16318536,active,2025-03-15,RM7 0HH,"96020, 96040",ltd
LEON'S ARENA BAR LTD,16242669,active,2025-02-10,RM7 9QD,46342,ltd
AGL BUSINESS SERVICES LTD,16366195,active,2025-04-04,RM1 1DA,"41202, 43290",ltd
PIRA CONSTRUCT LTD,16366258,active,2025-04-04,RM4 1DL,"41201, 41202",ltd
AMHG DEVELOPMENTS LTD,16366828,active,2025-04-04,RM6 5DS,"41202, 68100",ltd
DREAMLUXE LTD,16367307,active,2025-04-05,RM6 6AX,47910,ltd
DRIVE DYNASTY LTD,16367671,active,2025-04-06,RM2 6GE,45112,ltd
LUO YUZHOUOM LTD,16364457,active,2025-04-04,RM6 6AX,"45320, 45400",ltd
CAFLA LIMITED,16364590,active,2025-04-04,RM1 1RX,56102,ltd
NORTONBURY LTD,16364699,active,2025-04-04,RM6 4DE,70229,ltd
IVY PROPERTY CARE LTD,16210457,active,2025-01-27,RM6 6AX,"43341, 68320, 81100, 81210",ltd
AJOBI INTEGRATED INTERNATIONAL GROUP LIMITED,16372675,active,2025-04-08,RM1 3DL,"06100, 07290, 19201, 46120",ltd
K-DEMS CONSULTING LIMITED,16372820,active,2025-04-08,RM6 6GN,"69201, 70221, 70229, 73120",ltd
BUILD CREATIVE LTD,16373041,active,2025-04-08,RM2 6RX,58210,ltd
MAR&BUILDING LTD,16373718,active,2025-04-08,RM6 4UH,41202,ltd
GGCCHH LIMITED,16374606,active,2025-04-08,RM3 0HY,86210,ltd
COSMOQUINS LTD,16374875,active,2025-04-08,RM7 7LN,"47750, 47990, 96020",ltd
CF STUDIOS LTD,16378169,active,2025-04-09,RM6 4BD,96020,ltd
H&T UK PROPERTY LIMITED,16375206,active,2025-04-09,RM3 8JU,"68100, 68209",ltd
QUIKTRACK LTD,16380125,active,2025-04-10,RM6 5UF,"49410, 52290",ltd
CRIMSON LOTUS HOLDINGS LTD,16376024,active,2025-04-09,RM2 6AU,64209,ltd
SHAJAI ECOMM LIMITED,16378863,active,2025-04-10,RM6 4YX,47910,ltd
FAK4 LIMITED,16377520,active,2025-04-09,RM7 0YU,"47750, 47910",ltd
CERTIFIED FOAM SOLUTIONS LTD,16377510,active,2025-04-09,RM3 0DN,23430,ltd
MOORTHY & CO. PROPERTY LTD,16402273,active,2025-04-23,RM6 4PT,64305,ltd
NEXORA DIGITAL INNOVATION & SOLUTIONS LTD,16294779,active,2025-03-05,RM6 6AX,"47910, 90030",ltd
VAULTNEST LTD,16402670,active,2025-04-23,RM7 9QJ,"68201, 68310, 68320, 98000",ltd
SWIFT LOOP LTD,16403067,active,2025-04-23,RM6 4RA,47990,ltd
PLAYHEAD MEDIA LTD,16403492,active,2025-04-23,RM1 3HS,"59112, 59200, 90020",ltd
CHAI VEDA LIMITED,16406562,active,2025-04-24,RM2 5AA,"10831, 46370",ltd
PB08 PROPERTY LTD,16406866,active,2025-04-24,RM2 5QS,"68100, 68209",ltd
ETAXFIRM LTD,16167933,active,2025-01-07,RM6 6AX,"69201, 69202, 69203",ltd
PHARMA35 LTD,16407308,active,2025-04-24,RM3 9EJ,"86220, 86900",ltd
TRENDYY LIMITED,16407566,active,2025-04-25,RM7 0NS,47910,ltd
QL FREEHOLDERS LIMITED,16407669,active,2025-04-25,RM2 5EH,98000,private-limited-guarant-nsc
DARLINGTON DELAIRE CREATIVE LTD,16407832,active,2025-04-25,RM6 5AR,90010,ltd
ITICIAN AK LTD,16408668,active,2025-04-25,RM6 6AX,47910,ltd
SUTHERNVINTAGEWHOLESALE LTD,16408664,active,2025-04-25,RM26QX,46420,ltd
CAMPBELL CARE GROUP LTD,16408672,active,2025-04-25,RM1 2SS,"87300, 87900",ltd
YOUR DAY BY LADY P LTD,16408824,active,2025-04-25,RM6 6DT,94110,ltd
S&M PROPERTY NEST LTD,16408895,active,2025-04-25,RM6 6UB,"68100, 68201, 68209, 68320",ltd
FLIPPIN SWEET LTD,16408947,active,2025-04-25,RM3 9LH,56210,private-limited-guarant-nsc
VISION HORIZON SOLUTIONS LIMITED,16409940,active,2025-04-25,RM6 4DE,70229,ltd
ARDI ROOF CLEANING AND PAINTING LTD,16410067,active,2025-04-25,RM7 0PR,43910,ltd
PALM STRATEGY LTD,16382107,active,2025-04-11,RM7 0BG,74990,ltd
THE POULTRY GROUP LTD,16283759,active,2025-02-28,RM7 0AZ,46320,ltd
PARAGON DEVELOPMENTS & INTERIORS LTD,16386703,active,2025-04-14,RM6 4AL,"41100, 47599",ltd
NATURE STYLE LTD,16387008,active,2025-04-14,RM6 6AX,47910,ltd
BABY STEPS PRESCHOOL LIMITED,16383345,active,2025-04-11,RM3 7HA,88910,ltd
JANIE KAY LTD,16386600,active,2025-04-14,RM5 2LG,56302,ltd
LITTLE GIRAFFES NURSERY LTD,16387712,active,2025-04-15,RM6 6XH,88910,ltd
ILM COLLECTIVE LTD,16390274,active,2025-04-15,RM6 4AQ,"10710, 47710, 47910, 56103",ltd
MAX-RON LIMITED,16386233,active,2025-04-14,RM3 7AD,33140,ltd
YOU CAN PRINT ANYTHING LTD,16386824,active,2025-04-14,RM6 6AX,18129,ltd
SLEEPERS CLUB LTD,16389873,active,2025-04-15,RM3 7UJ,47710,ltd
MAWNEYS ACCOUNTANTS LTD,16383046,active,2025-04-11,RM7 8AU,69202,ltd
ESSEX LIFTING LTD,16305454,active,2025-03-10,RM4 1HS,43999,ltd
SEVYN UKG LTD,16386533,active,2025-04-14,RM6 6AX,47910,ltd
FAST FINANCE ONLINE LIMITED,16392456,active,2025-04-16,RM1 3PJ,64999,ltd
BRICK LANE BAGEL COMPANY (COLLIER ROW) LIMITED,16392779,active,2025-04-16,RM5 3PL,56102,ltd
ALAIAS HOUSE LTD,16392975,active,2025-04-16,RM3 0HD,56103,ltd
LOCKFIT ILFORD LTD,16392555,active,2025-04-16,RM2 6BS,80100,ltd
FRESH BALLERZ LTD,16394281,active,2025-04-17,RM25AL,"14190, 47710, 85510, 93120",ltd
KIM SCALES MYR LIMITED,16395863,active,2025-04-18,RM6 6AX,"47910, 47990",ltd
CAMPBELL'S PRO CLEANERS LIMITED,16396073,active,2025-04-18,RM7 0RR,81210,ltd
OCEAN'S RENOVATIONS LTD,16398620,active,2025-04-22,RM6 4AL,43390,ltd
PICOTOYS LTD,16394153,active,2025-04-17,RM6 6NJ,47650,ltd
RENO ASSETS LTD,16308677,active,2025-03-11,RM6 6AX,"41202, 43390",ltd
MONIEFI LIMITED,16395902,active,2025-04-18,RM5 3AE,"64205, 70221",ltd
SAVOUR THE SLOW LTD,16397278,active,2025-04-21,RM6 6AX,47910,ltd
SAVINGS HIVE LTD,16394820,active,2025-04-17,RM6 6AX,47910,ltd
KASIBA SHISHA LOUNGE & RESTAURANT LIMITED,16404760,active,2025-04-24,RM6 4AH,56102,ltd
EQWORLDUK LIMITED,16406038,active,2025-04-24,RM6 4QX,"85320, 85590, 85600",ltd
EDUNOVA TECH LIMITED,16411944,active,2025-04-28,RM2 5QH,"62012, 62020, 62090",ltd
PIN CIRCLE LTD,16412831,active,2025-04-28,RM6 6AX,47990,ltd
BICYCLE EXPRESS LIMITED,16413603,active,2025-04-28,RM1 4GP,47640,ltd
DR ESSANG & PARTNERS LTD,16414586,active,2025-04-28,RM3 0JW,86220,ltd
THIRKETTLE SCAFFOLDING LIMITED,16414728,active,2025-04-28,RM1 4JP,43991,ltd
AGR BUILD&DESIGN LTD,16416442,active,2025-04-29,RM1 2NP,"43330, 43341, 43342",ltd
ONE STOP GENERAL STORE LTD,16207164,active,2025-01-24,RM5 3EA,47110,ltd
GTX SOLUTIONS LTD,16166528,active,2025-01-06,RM5 2HH,96090,ltd
ZENITH DOUBLE GLAZING LTD,16165890,active,2025-01-06,RM6 6HJ,"43320, 43341, 43342, 43390",ltd
HAZ&CO REAL ESTATE LTD,16167140,active,2025-01-06,RM7 8BB,"64306, 68310, 68320",ltd
VELANZA LTD,16167484,active,2025-01-07,RM7 0QA,"47910, 47990",ltd
COYLE CAPITAL LTD,16169029,active,2025-01-07,RM3 0WP,73110,ltd
ZEIOUR HOUSEHOLD SERVICES LTD,16160714,active,2025-01-02,RM6 6AX,81299,ltd
LONDON MASTER BLASTER LTD,16185978,active,2025-01-15,RM7 9QA,93199,ltd
KEV TIMES LTD,16193686,active,2025-01-20,RM7 9DG,81299,ltd
ADELINAA LTD,16191804,active,2025-01-17,RM1 2BX,96090,ltd
UCM INVESTMENTS LTD,16192869,active,2025-01-18,RM5 2SH,64304,ltd
DORAâ€™S HOMES LET LTD,16190941,active,2025-01-17,RM5 3TX,68209,ltd
ONPOINT DRAINAGE SOLUTIONS LTD,16192244,active,2025-01-17,RM7 0QH,81210,ltd
SJAYDEALS LTD,16192998,active,2025-01-18,RM6 4ST,47990,ltd
BRITPOL SERVICES LTD,16190247,active,2025-01-17,RM3 8HN,81221,ltd
S.V.E RAIL LTD,16200792,active,2025-01-22,RM3 9TD,42120,ltd
BHQ SERVICES LIMITED,16201455,active,2025-01-22,RM7 0UP,"49410, 53202, 96090",ltd
PROFESSOR STORES LIMITED,16201360,active,2025-01-22,RM6 6AX,47910,ltd
ASM PROPERTY HOLDINGS LTD,16202533,active,2025-01-22,RM2 5XH,68209,ltd
VENTA65 LTD,16202621,active,2025-01-22,RM3 9NR,49390,ltd
PR HOMES LONDON LIMITED,16203241,active,2025-01-23,RM7 9EU,"68100, 68209",ltd
PRIME CRAFT BUILD LTD,16195745,active,2025-01-20,RM5 2QH,43390,ltd
ECOMNEXT SOLUTIONS HMTD LIMITED,16197166,active,2025-01-21,RM6 6AX,"62012, 62020, 82990",ltd
MASTER UP LIMITED,16197422,active,2025-01-21,RM7 9EU,85590,ltd
758BROS TYRES LIMITED,16197458,active,2025-01-21,RM1 2JT,45310,private-limited-guarant-nsc
RM EXTERNAL WALLS LIMITED,16196345,active,2025-01-20,RM3 9RR,43330,ltd
KASHAS EVENTS LTD,16186466,active,2025-01-15,RM7 0AU,96090,ltd
CLICK AND BUY U.K LTD,16196593,active,2025-01-20,RM7 0NS,47910,ltd
CHINESE HEIST LTD,16196724,active,2025-01-21,RM1 1PS,56103,ltd
LDN SHUTTLE LIMITED,16203452,active,2025-01-23,RM1 3JT,49320,ltd
KACE CAPITAL SOLUTIONS LTD,16204322,active,2025-01-23,RM7 8EP,70229,ltd
ZOH COURIERS LTD,16287639,active,2025-03-03,RM7 0BS,53202,ltd
SHOLS LTD,16290244,active,2025-03-04,RM6 5BF,49100,ltd
444 A-D HAVERING ROAD (FREEHOLD) LTD,16289117,active,2025-03-03,RM1 4DF,98000,ltd
UPLINKED SECURITY LIMITED,16289856,active,2025-03-04,RM1 3JT,70229,ltd
PRIME PROPERTY INVEST LTD,16290986,active,2025-03-04,RM6 5PR,"68100, 68209",ltd
NANDE LOUNGE LIMITED,16288317,active,2025-03-03,RM1 2JT,46170,private-limited-guarant-nsc
RS GENTS BARBERS LTD,16288561,active,2025-03-03,RM7 0BX,96020,ltd
BLACKROSE PROPERTY SERVICE LIMITED,16289417,active,2025-03-04,RM1 1EZ,98000,ltd
SB LONDON LIMITED,16289605,active,2025-03-04,RM6 4JF,"62020, 70229",ltd
CASA DE FLORES LIMITED,16260677,active,2025-02-18,RM1 2RA,"82990, 90030",ltd
N5 FACILITIES LTD,16298072,active,2025-03-06,RM6 5SA,"80100, 81299",ltd
M ENTERPRISES LIMITED,16299230,active,2025-03-06,RM7 9JR,43991,ltd
SIBA ESTATES LIMITED,16299920,active,2025-03-07,RM7 8NT,64306,ltd
TRANSPORT ENG LTD,16295779,active,2025-03-05,RM3 0SA,52290,ltd
AA PLUS HOLDING LTD,16297443,active,2025-03-06,RM1 3NG,"64209, 68100, 68320",ltd
ALEYNA STORY LTD,16277954,active,2025-02-26,RM6 6AX,47910,ltd
MEDICSPRO NURSING LTD,16293638,active,2025-03-05,RM1 1ES,78200,ltd
BUILDD 103 LIMITED,16293720,active,2025-03-05,RM7 7DN,41100,ltd
ASIAN EVENTS LIMITED,16294913,active,2025-03-05,RM7 8LX,56210,ltd
THE DELIGHTFUL DOG COMPANY LIMITED,16167236,active,2025-01-07,RM4 1HS,85590,ltd
51 HIGH STREET SOUTH LTD,16295293,active,2025-03-05,RM4 1JP,68100,ltd
MJ MORTGAGES & PROTECTION LTD,16292769,active,2025-03-04,RM2 6NU,70229,ltd
WATERMARKS ESSEX LTD,16300116,active,2025-03-07,RM6 4DP,47520,ltd
STELLARSCAPE DEVELOPMENTS LIMITED,16224967,active,2025-02-03,RM7 7LH,"41100, 68209, 68310",ltd
AFORDA PROPERTY LIMITED,16302399,active,2025-03-08,RM7 7JU,"68209, 68320",ltd
FOCUSSED OUTCOME LTD,16420040,active,2025-04-30,RM2 6RH,"70229, 85590, 96090",ltd
FAARIM LTD,16422377,active,2025-04-30,RM5 3XX,46900,ltd
GADAMUS LTD,16419763,active,2025-04-30,RM6 5PL,"41100, 41201",ltd
BUBBLY BUNDLES LTD,16422244,active,2025-04-30,RM7 0XQ,47710,ltd
OFFICIAL PAMPER PALACE LIMITED,16423206,active,2025-05-01,RM3 8QE,86900,ltd
AHMED ASSOCIATES LTD,16421039,active,2025-04-30,RM6 6AX,82990,ltd
TECH GURUZ LTD,16421874,active,2025-04-30,RM5 3ES,"46510, 46520, 61900",ltd
ROMAN HOMES DEVELOPMENT LTD,16433673,active,2025-05-07,RM6 4PZ,"68100, 68201, 68209, 68320",ltd
SHUBH DOUBLE GLAZING LIMITED,16435001,active,2025-05-07,RM1 4DR,43390,ltd
SSY BYONEX LTD,16425132,active,2025-05-01,RM7 0NH,61200,ltd
LONDON GENERAL GROUP 365 LIMITED,16430363,active,2025-05-06,RM3 7HD,96090,ltd
ESSEX CONSTRUCTION TRAINING & ASSESSMENT LTD,16428036,active,2025-05-03,RM7 0PT,43999,ltd
AMMAR ECOM LTD,16428278,active,2025-05-03,RM6 6BD,47910,ltd
THE ARC PRODUCTIONS UN LIMITED,16397726,active,2025-04-22,RM7 7HX,59111,ltd
RELIANCEMOVE LTD,16429125,active,2025-05-05,RM6 5HB,49420,ltd
THE RODINGS LTD,16309608,active,2025-03-12,RM4 1UA,"55100, 55900",ltd
CORRINGHAM PARK 2 LIMITED,16425628,active,2025-05-02,RM7 7DN,68100,ltd
AHIZPA LTD,16425073,active,2025-05-01,RM3 7AJ,68209,ltd
PRIME SCAPE SOLUTIONS LTD,16426743,active,2025-05-02,RM4 1LD,81300,ltd
AB CARPENTRY SERVICES LTD,16427642,active,2025-05-02,RM7 0HA,"43290, 43999",ltd
SERENE PATHWAYS LTD,16431345,active,2025-05-06,RM6 5UB,"87200, 87300",ltd
DMB ROOFING LIMITED,16440115,active,2025-05-09,RM1 1DA,43910,ltd
STALLION MOTOR GROUP LIMITED,16441556,active,2025-05-09,RM6 6AX,45112,ltd
THE TWO TRAVELLERS LTD,16277123,active,2025-02-26,RM6 5PP,56101,ltd
ETERNAL LIFE PROPERTIES LTD,16436077,active,2025-05-07,RM7 0LJ,68209,ltd
ARUNAN PROPERTY INVESTMENTS LIMITED,16436342,active,2025-05-08,RM7 0QH,68310,ltd
GREYHOUND RACING UK CIC,16363427,active,2025-04-03,RM2 5SH,96090,private-limited-guarant-nsc
SURKHABDEEP SINGH LTD,16440542,active,2025-05-09,RM6 4DS,41202,ltd
HUMBLE LOGISTICS TRANSPORT SERVICE LTD,16441140,active,2025-05-09,RM6 6XJ,49410,ltd
MUGO ESTATES LTD,16437076,active,2025-05-08,RM7 9HL,68209,ltd
AHMED TAXI SERVICES UK LIMITED,16438679,active,2025-05-08,RM5 3PL,"49320, 49390",ltd
SUIT RANGE LIMITED,16294104,active,2025-03-05,RM1 2LX,"56102, 56103",ltd
ETNA ACCOUNTING LTD,16442390,active,2025-05-11,RM3 8LT,69201,ltd
PUREPATH VENTURES LIMITED,16447864,active,2025-05-13,RM1 4DW,"46320, 47220",ltd
CLASSIQUE DEALS LIMITED,16272871,active,2025-02-24,RM6 6LL,47190,ltd
LEGON WORKFORCE SOLUTIONS LTD,16443669,active,2025-05-12,RM7 0UL,82990,ltd
SCULPT VITAE AESTHETICS LTD,16445830,active,2025-05-12,RM6 6AX,96020,ltd
KASHMIR HEIGHTS LIMITED,16446108,active,2025-05-13,RM6 6DU,68209,ltd
TRIPPLEMSS LTD,16442946,active,2025-05-12,RM3 7EQ,"68100, 68209",ltd
GRAFT MAFIA LTD,16443551,active,2025-05-12,RM6 6AX,86900,ltd
FEEL GOOD INK LIMITED,16447506,active,2025-05-13,RM5 3PL,90030,ltd
MASTERPIECE MAKERS LTD,16449566,active,2025-05-14,RM6 4AB,43999,ltd
TRAE ARMANI ESTATES LTD,16203011,active,2025-01-23,RM6 6AX,68320,ltd
ELITE BIFOLDING DOORS LTD,16458074,active,2025-05-19,RM7 9QD,"25120, 43290, 43342",ltd
RUGGS ROOFING LIMITED,16449931,active,2025-05-14,RM1 3JT,43910,ltd
INFALLIBLETECH LTD,16460318,active,2025-05-19,RM1 2DY,62090,ltd
SE HAULAGE LIMITED,16450331,active,2025-05-14,RM3 7LD,49410,ltd
CH1LL LTD,16451926,active,2025-05-14,RM3 0LW,26400,ltd
PROJECT501 LIMITED,16454870,active,2025-05-17,RM5 3BP,47640,ltd
BYKERS CASH AND CARRY LTD,16454864,active,2025-05-17,RM7 0NH,47110,ltd
QUARANTINE CLEAN GRILLS LTD,16459882,active,2025-05-19,RM3 8QP,32120,ltd
BLACK WEBSTER LIMITED,16462166,active,2025-05-20,RM5 3JB,47910,ltd
LEORA DEVELOPMENTS LTD,16462741,active,2025-05-20,RM3 0HH,41100,ltd
CHIMNA NULU MUOGU LTD,16460740,active,2025-05-20,RM1 2FA,"86101, 86210",ltd
SARULS ECOM LTD,16449706,active,2025-05-14,RM6 6AX,47990,ltd
AMSTION LIMITED,16454510,active,2025-05-17,RM2 5EU,62012,ltd
HTO LTD,16457443,active,2025-05-19,RM3 9HL,82990,ltd
EDGE INVESTMENT VENTURES LTD,16452085,active,2025-05-15,RM7 0GW,68209,ltd
CALIBRE LDN LIMITED,16457945,active,2025-05-19,RM3 0NS,47710,ltd
HAMI HOMES LTD,16455401,active,2025-05-18,RM1 4SR,47910,ltd
LM KAY BUILDING SERVICES LIMITED,16457611,active,2025-05-19,RM6 6JL,"41100, 43290, 81210, 82990",ltd
E COLLIER PROPERTIES LIMITED,16467764,active,2025-05-22,RM3 0BP,68209,ltd
IRON FORM LTD,16470994,active,2025-05-23,RM3 7JT,47710,ltd
THE DAILY VEG & FRUIT LTD,16464693,active,2025-05-21,RM1 1DA,46390,ltd
EZY ERP LIMITED,16470074,active,2025-05-23,RM7 0RR,62012,ltd
MAHAMAD JM LTD,16470543,active,2025-05-23,RM6 6AX,47910,ltd
CPM RENEWABLES LIMITED,16469919,active,2025-05-22,RM7 8HX,"35110, 43210",ltd
GRAY COAT PRODUCTIONS LTD,16422443,active,2025-04-30,RM7 0FG,59112,ltd
SADIAMUBEEN LIMITED,16428282,active,2025-05-03,RM5 3UH,68100,ltd
SEG ELECTRICAL SERVICES LIMITED,16463366,active,2025-05-20,RM1 3JT,43210,ltd
AVIMI PROPERTIES LTD,16463900,active,2025-05-20,RM1 2NQ,"68100, 68209",ltd
DAWN LINE CAPITAL LTD,16203124,active,2025-01-23,RM7 7AU,64209,ltd
VIRK MOTORS LIMITED,16472257,active,2025-05-23,RM7 0YL,45112,ltd
HAT CONSTRUCTION SOLUTIONS LIMITED,16474973,active,2025-05-27,RM6 6JL,85410,ltd
BIZARSELLER. LTD,16476584,active,2025-05-27,RM6 4NP,46190,ltd
BASEERA SOLUTIONS LTD,16478073,active,2025-05-27,RM6 5RH,"62020, 70229",ltd
FRONETY LIMITED,16475624,active,2025-05-27,RM3 7NX,"46491, 47910",ltd
ON TIME LTD,16476324,active,2025-05-27,RM6 5AP,"53100, 82990",ltd
STELLARCO LIMITED,16478192,active,2025-05-28,RM3 0BP,64304,ltd
DORESI LTD,16478454,active,2025-05-28,RM6 4RD,98000,ltd
BROCKLEY HOUSE LIMITED,16480533,active,2025-05-28,RM3 8EN,41100,ltd
VITAKURA MEDICAL LTD,16474107,active,2025-05-27,RM3 0JU,71200,ltd
FIRST LINE DEFENSE SERVICES LTD,16474819,active,2025-05-27,RM5 3DT,80100,ltd
FORSTER PRODUCTIONS LTD,16473303,active,2025-05-25,RM4 1AD,90010,ltd
SHESAM LTD,16415701,active,2025-04-29,RM5 3PP,"46420, 47190, 47820, 47910",ltd
RAWA KRD LTD,16474252,active,2025-05-27,RM6 6AX,47910,ltd
AVANTED LTD,16475825,active,2025-05-27,RM6 6YB,74100,ltd
OPALWAY BUSINESS MANAGEMENT LIMITED,16481288,active,2025-05-29,RM6 5EL,"69202, 70229, 82110, 82990",ltd
